Codigo;Nome;Email;Telefone;imagens
1;Nego;nego@gmail.com;999147195;imagens/nego.jpg
2;Well;well@gmail.com;991175864;imagens/well.jpg
3;Bird;bird@gmail.com;992006905;imagens/bird.jpg
4;Eloy;eloy@gmail.com;988358413;imagens/eloy.jpg
5;Lamin;lamin@gmail.com;997570957;imagens/lamin.jpg
6;Eduardo;eduardo@gmail.com;999457509;imagens/du.jpg
7;Vagner;vagner@gmail.com;991547598;imagens/vagner.jpg
8;Mirian;mirian@gmail.com;993456789;imagens/mi.jpg